<?xml version="1.0" encoding="UTF-8"?>
<databaseChangeLog
        xmlns="http://www.liquibase.org/xml/ns/dbchangelog"
        xmlns:xsi="http://www.w3.org/2001/XMLSchema-instance"
        xsi:schemaLocation="http://www.liquibase.org/xml/ns/dbchangelog
        http://www.liquibase.org/xml/ns/dbchangelog/dbchangelog-3.8.xsd">

<!--    <changeSet id="202410170809" author="Pravendra Kumar">-->
<!--        <addColumn tableName="user_details">-->
<!--            <column name="date" type="date"/>-->
<!--        </addColumn>-->
<!--    </changeSet>-->
<!--    -->
<!--    <changeSet id="202410170822" author="Pravendra Kumar">-->
<!--        <modifyDataType tableName="user_details" columnName="date" newDataType="timestamp"/>-->
<!--    </changeSet>-->

<!--    <changeSet id="20241018121911" author="Pravendra Kumar">-->
<!--        <addColumn tableName="user_details">-->
<!--            <column name="mobile" type="varchar"/>-->
<!--        </addColumn>-->
<!--    </changeSet>-->

<!--    <changeSet id="20241019123733" author="Pravendra Kumar">-->
<!--        <addColumn tableName="user_details">-->
<!--            <column name="modified_date" type="date"></column>-->
<!--        </addColumn>-->
<!--    </changeSet>-->

<!--    <changeSet id="20241019123922" author="Pravendra Kumar">-->
<!--        <renameColumn-->
<!--                tableName="user_details"-->
<!--                oldColumnName="date"-->
<!--                newColumnName="created_date"-->
<!--                columnDataType="date"/>-->
<!--    </changeSet>-->

<!--    <changeSet id="2024" author="Pravendra Kumar)">-->
<!--        <addColumn tableName="user_details">-->
<!--            <column name="enabled" type="boolean"/>-->
<!--        </addColumn>-->
<!--    </changeSet>-->

<!--    <changeSet id="20241019053311" author="Pravendra Kumar">-->
<!--        <renameColumn-->
<!--                tableName="user_details"-->
<!--                oldColumnName="enabled"-->
<!--                newColumnName="status"-->
<!--                columnDataType="varchar"/>-->
<!--    </changeSet>-->

<!--    <changeSet id="20241019054722" author="Pravendra Kumar">-->
<!--        <modifyDataType-->
<!--                tableName="user_details"-->
<!--                columnName="status"-->
<!--                newDataType="varchar(255)"/>-->
<!--    </changeSet>-->

<!--    <changeSet id="20241019063844" author="Pravendra Kumar">-->
<!--        <addColumn tableName="user_details">-->
<!--            <column name="gender" type="varchar"/>-->
<!--        </addColumn>-->
<!--    </changeSet>-->

</databaseChangeLog>
